{
  "IcoMoonType": "selection",
  "icons": [
    {
      "icon": {
        "paths": [
          "M1024 0l-1024 576 327.251 121.203 504.749-473.202-383.927 517.955 0.311 0.115-0.384-0.115v282.048l183.522-214.106 232.482 86.106 159.996-896.004z"
        ],
        "attrs": [],
        "grid": 0,
        "tags": [
          "icon send"
        ]
      },
      "attrs": [],
      "properties": {
        "order": 2,
        "id": 4,
        "name": "icon-send",
        "prevSize": 32
      },
      "setIdx": 0,
      "setId": 6,
      "iconIdx": 0
    },
    {
      "icon": {
        "paths": [
          "M512 512c94.293 0 170.667-76.373 170.667-170.667s-76.373-170.667-170.667-170.667c-94.293 0-170.667 76.373-170.667 170.667s76.373 170.667 170.667 170.667zM512 597.333c-113.92 0-341.333 57.173-341.333 170.667v42.667c0 23.467 19.2 42.667 42.667 42.667h597.333c23.467 0 42.667-19.2 42.667-42.667v-42.667c0-113.493-227.413-170.667-341.333-170.667z"
        ],
        "attrs": [],
        "grid": 0,
        "tags": [
          "person-black-18dp 1"
        ]
      },
      "attrs": [],
      "properties": {
        "order": 3,
        "id": 3,
        "name": "person-black-18dp-1",
        "prevSize": 32
      },
      "setIdx": 0,
      "setId": 6,
      "iconIdx": 1
    },
    {
      "icon": {
        "paths": [
          "M796.217 632.752l-104.567-11.941c-25.116-2.884-49.818 5.763-67.521 23.467l-75.75 75.753c-116.509-59.284-212.021-154.387-271.305-271.309l76.163-76.164c17.703-17.703 26.348-42.404 23.466-67.517l-11.939-103.748c-4.941-41.581-39.934-72.87-81.927-72.87h-71.223c-46.521 0-85.22 38.699-82.339 85.221 21.82 351.588 303.006 632.362 654.182 654.184 46.518 2.879 85.22-35.817 85.22-82.341v-71.219c0.41-41.586-30.879-76.578-72.459-81.516z"
        ],
        "attrs": [],
        "grid": 0,
        "tags": [
          "phone-black-18dp 1"
        ]
      },
      "attrs": [],
      "properties": {
        "order": 4,
        "id": 2,
        "name": "phone-black-18dp-1",
        "prevSize": 32
      },
      "setIdx": 0,
      "setId": 6,
      "iconIdx": 2
    },
    {
      "icon": {
        "paths": [
          "M853.333 170.667h-682.667c-46.933 0-84.907 38.4-84.907 85.333l-0.427 512c0 46.933 38.4 85.333 85.333 85.333h682.667c46.933 0 85.333-38.4 85.333-85.333v-512c0-46.933-38.4-85.333-85.333-85.333zM836.267 352l-301.653 188.587c-13.653 8.533-31.573 8.533-45.227 0l-301.653-188.587c-10.667-6.827-17.067-18.347-17.067-30.72 0-28.587 31.147-45.653 55.467-30.72l285.867 178.773 285.867-178.773c24.32-14.933 55.467 2.133 55.467 30.72 0 12.373-6.4 23.893-17.067 30.72z"
        ],
        "attrs": [],
        "grid": 0,
        "tags": [
          "email-black-18dp 1"
        ]
      },
      "attrs": [],
      "properties": {
        "order": 5,
        "id": 1,
        "name": "email-black-18dp-1",
        "prevSize": 32
      },
      "setIdx": 0,
      "setId": 6,
      "iconIdx": 3
    },
    {
      "icon": {
        "paths": [
          "M1024 512c0 282.77-229.23 512-512 512s-512-229.23-512-512c0-282.77 229.23-512 512-512s512 229.23 512 512z",
          "M1006.933 512c0 273.344-221.589 494.933-494.933 494.933s-494.933-221.589-494.933-494.933c0-273.344 221.589-494.933 494.933-494.933s494.933 221.589 494.933 494.933z",
          "M716.8 345.016l-37.816-37.816-149.917 149.917-149.917-149.917-37.816 37.816 149.917 149.917-149.917 149.917 37.816 37.816 149.917-149.917 149.917 149.917 37.816-37.816-149.917-149.917 149.917-149.917z"
        ],
        "attrs": [
          {},
          {
            "fill": "none",
            "strokeLinejoin": "miter",
            "strokeLinecap": "butt",
            "strokeMiterlimit": "4",
            "strokeWidth": 34.13333333333333
          },
          {}
        ],
        "grid": 0,
        "tags": [
          "close"
        ]
      },
      "attrs": [
        {},
        {
          "fill": "none",
          "strokeLinejoin": "miter",
          "strokeLinecap": "butt",
          "strokeMiterlimit": "4",
          "strokeWidth": 34.13333333333333
        },
        {}
      ],
      "properties": {
        "order": 6,
        "id": 0,
        "name": "close",
        "prevSize": 32
      },
      "setIdx": 0,
      "setId": 6,
      "iconIdx": 4
    }
  ],
  "height": 1024,
  "preferences": {
    "showGlyphs": true,
    "showQuickUse": true,
    "showQuickUse2": true,
    "showSVGs": true,
    "fontPref": {
      "prefix": "icon-",
      "metadata": {
        "fontFamily": "icomoon"
      },
      "metrics": {
        "emSize": 1024,
        "baseline": 6.25,
        "whitespace": 50
      },
      "embed": false
    },
    "imagePref": {
      "prefix": "icon-",
      "png": true,
      "useClassSelector": true,
      "color": 0,
      "bgColor": 16777215,
      "classSelector": ".icon",
      "name": "icomoon",
      "height": 32,
      "overrideSize": "",
      "columns": 16,
      "margin": 16
    },
    "historySize": 50,
    "showCodes": true,
    "gridSize": 16
  }
}